COUNTRY,REGION,REGION-DESC,REGION-CODE
***,***,reserved/private,5383
***,?,reserved/private/anon,23878
?,?,unknown,0
abw,?,aruba,572
abw,no region,aruba,5385
afg,?,afghanistan,786
afg,no region,afghanistan,23867
ago,?,angola,13703
ago,no region,angola,5386
aia,?,anguilla,371
aia,no region,anguilla,5387
ala,?,?,24307
ala,no region,aland islands,24310
alb,?,albania,378
alb,no region,albania,5388
and,?,andorra,521
and,no region,andorra,5389
ant,?,netherlands antilles,362
ant,no region,netherlands antilles,5390
are,?,united arab emirates,356
are,no region,united arab emirates,11566
arg,?,argentina,179
arg,a,salta,9787
arg,aol,aol,23817
arg,b,buenos aires,9788
arg,c,capital federal,12283
arg,d,san luis,23873
arg,e,entre rios,9812
arg,f,la rioja,12284
arg,g,santiago del estero,23871
arg,h,chaco,9815
arg,j,san juan,9817
arg,k,catamarca,9818
arg,l,la pampa,12663
arg,m,mendoza,9819
arg,n,misiones,15823
arg,p,formosa,23872
arg,q,neuquen,9820
arg,r,rio negro,9822
arg,s,santa fe,9826
arg,t,tucuman,9832
arg,u,chubut,9834
arg,v,tierra del fuego,9836
arg,w,corrientes,9838
arg,x,cordoba,9839
arg,y,jujuy,9844
arg,z,santa cruz,15899
arm,?,armenia,237
arm,no region,armenia,11570
asi,?,asia (unknown country),4242
asm,?,american samoa,230
asm,no region,american samoa,11571
ata,?,antarctica,15824
ata,no region,antarctica,5415
atf,?,french southern territories,5040
atg,?,antigua and barbuda,566
atg,no region,antigua and barbuda,5416
aus,?,australia,203
aus,aol,aol,5417
aus,ct,australian capital territory,809
aus,ns,new south wales,688
aus,nt,northern territory,714
aus,ql,queensland,694
aus,sa,south australia,689
aus,ts,tasmania,603
aus,vi,victoria,602
aus,wa,western australia,703
aut,1,burgenland,11578
aut,2,karnten,11582
aut,3,niederosterreich,11585
aut,4,oberosterreich,11573
aut,5,salzburg,11574
aut,6,steiermark,11576
aut,7,tirol,11581
aut,8,vorarlberg,11577
aut,9,wien,11587
aut,?,austria,73
aze,?,azerbaijan,215
aze,no region,azerbaijan,5549
bdi,?,burundi,23766
bdi,no region,burundi,23868
bel,?,belgium,219
bel,brx,brussels,12292
bel,van,antwerpen,11057
bel,vbr,vlaams brabant,14480
bel,vli,limburg,11071
bel,vov,oost-vlaanderen,11054
bel,vwv,west-vlaanderen,11058
bel,wbr,brabant wallon,11081
bel,wht,hainaut,11062
bel,wlg,liege,11056
bel,wlx,luxembourg,11060
bel,wna,namur,11073
ben,?,benin,2424
ben,no region,benin,11591
bes,?,bonaire/sint eustatius/saba,25130
bes,no region,bonaire/sint eustatius/saba,25129
bfa,?,burkina faso,577
bfa,no region,burkina faso,11592
bgd,?,bangladesh,2704
bgd,no region,bangladesh,11593
bgr,01,sofija-grad,11602
bgr,02,burgas,15826
bgr,03,varna,11595
bgr,04,lovec,11596
bgr,05,montana,15830
bgr,06,plovdiv,11599
bgr,07,ruse,11600
bgr,08,sofija,15832
bgr,09,haskovo,11597
bgr,?,bulgaria,216
bhr,?,bahrain,504
bhr,no region,bahrain,11605
bhs,?,bahamas,14319
bhs,bi,bimini,24925
bhs,fp,freeport,11606
bhs,gh,governor's harbour,24926
bhs,hi,harbour island,24924
bhs,mh,marsh harbour,24923
bhs,np,new providence,11607
bih,?,bosnia and herzegowina,355
bih,bih,federacija bosna i hercegovina,6108
bih,srp,republika srpska,11608
blm,?,saint barthelemy,25126
blm,no region,saint barthelemy,25125
blr,?,belarus,290
blr,no region,belarus,11609
blz,?,belize,801
blz,no region,belize,6114
bmu,?,bermuda,357
bmu,no region,bermuda,6116
bol,?,bolivia,177
bol,b,el beni,24927
bol,c,cochabamba,11610
bol,h,chuquisaca,24928
bol,l,la paz,11611
bol,n,pando,24931
bol,o,oruro,24930
bol,p,potosi,24929
bol,s,santa cruz,11612
bol,t,tarija,23960
bra,?,brazil,465
bra,ac,acre,23779
bra,al,alagoas,10118
bra,am,amazonas,10119
bra,aol,aol,23774
bra,ap,amapa,23778
bra,ba,bahia,10120
bra,ce,ceara,10121
bra,df,distrito federal,10122
bra,es,espirito santo,10123
bra,go,goias,10124
bra,ma,maranhao,10125
bra,mg,minas gerais,3985
bra,ms,mato grosso do sul,23756
bra,mt,mato grosso,10129
bra,pa,para,10130
bra,pb,paraiba,4980
bra,pe,pernambuco,10131
bra,pi,piaui,12888
bra,pr,parana,2970
bra,rj,rio de janeiro,3971
bra,rn,rio grande do norte,10136
bra,ro,rondonia,23780
bra,rr,roraima,23782
bra,rs,rio grande do sul,10137
bra,sc,santa catarina,15904
bra,se,sergipe,23777
bra,sp,sao paulo,726
bra,to,tocantins,23781
brb,?,barbados,567
brb,no region,barbados,6146
brn,?,brunei darussalam,485
brn,no region,brunei darussalam,11614
btn,?,bhutan,491
btn,no region,bhutan,11616
bvt,?,bouvet island,23752
bvt,no region,bouvet island,6151
bwa,?,botswana,495
bwa,no region,botswana,11617
caf,?,central african republic,2621
caf,no region,central african republic,6153
can,?,canada,74
can,ab,alberta,55
can,aol,aol,23773
can,bc,british columbia,56
can,mb,manitoba,57
can,nb,new brunswick,58
can,nl,newfoundland and labrador,59
can,ns,nova scotia,62
can,nt,northwest territories,61
can,nu,nunavut,60
can,on,ontario,63
can,pe,prince edward island,64
can,qc,quebec,65
can,sk,saskatchewan,66
can,yt,yukon territory,67
cck,?,cocos (keeling) islands,186
che,?,switzerland,81
che,ag,aargau,10151
che,ai,appenzell inner-rhoden,10157
che,ar,appenzell ausser-rhoden,10158
che,be,bern,10159
che,bl,basel-landschaft,10162
che,bs,basel-stadt,10163
che,fr,fribourg,10164
che,ge,geneve,10165
che,gl,glarus,10168
che,gr,graubunden,10169
che,ju,jura,19579
che,lu,luzern,10170
che,ne,neuchatel,10173
che,nw,nidwalden,14642
che,ow,obwalden,15933
che,sg,sankt gallen,3761
che,sh,schaffhausen,10176
che,so,solothurn,10177
che,sz,schwyz,19667
che,tg,thurgau,10178
che,ti,ticino,10180
che,ur,uri,15948
che,vd,vaud,10181
che,vs,valais,15836
che,zg,zug,10187
che,zh,zurich,10188
chl,?,chile,373
chl,ai,aisen del gen ibanez del camp,24959
chl,an,antofagasta,14343
chl,ar,araucania,11632
chl,at,atacama,24816
chl,bi,bio-bio,11619
chl,co,coquimbo,11622
chl,li,libertador gen b o'higgins,12353
chl,ll,los lagos,11625
chl,ma,magallanes,11627
chl,ml,maule,11620
chl,rm,region metro de santiago,2998
chl,ta,tarapaca,11621
chl,vs,valparaiso,11623
chn,11,beijing,10664
chn,12,tianjin,10666
chn,13,hebei,10667
chn,14,shanxi,10673
chn,15,nei mongol zizhiqu,15967
chn,21,liaoning,10680
chn,22,jilin,10687
chn,23,heilongjiang,10692
chn,31,shanghai,10698
chn,32,jiangsu,10699
chn,33,zhejiang,10705
chn,34,anhui,10712
chn,35,fujian,10717
chn,36,jiangxi,10724
chn,37,shandong,10729
chn,41,henan,10741
chn,42,hubei,10753
chn,43,hunan,10762
chn,44,guangdong,10770
chn,45,guangxi,10784
chn,46,hainan,10788
chn,50,chongqing,10789
chn,51,sichuan,10790
chn,52,guizhou,12391
chn,53,yunnan,10794
chn,54,xizang,10796
chn,61,shaanxi,10797
chn,62,gansu,10801
chn,63,qinghai,10804
chn,64,ningxia,10805
chn,65,xinjiang,10806
chn,?,china,388
chn,aol,aol,23818
civ,?,cote d ivoire,506
civ,no region,cote d ivoire,6432
cmr,?,cameroon,2365
cmr,no region,cameroon,11636
cod,?,congo - the democratic rep of,5074
cod,no region,congo - the democratic rep of,14646
cog,?,congo,14323
cog,no region,congo,15837
cok,?,cook islands,562
cok,no region,no region,24791
col,?,colombia,178
col,ama,amazonea,24918
col,ant,antioquia,11641
col,ara,arauca,24917
col,atl,atlantico,11637
col,bol,bolivar,11640
col,boy,boyaca,24910
col,cal,caldas,6435
col,caq,caqueta,24914
col,cas,casanare,24316
col,cau,cauca,24911
col,ces,cesar,24912
col,cho,choco,24916
col,cor,cordoba,23889
col,cun,cundimarca,19762
col,dc,distrito capital,11638
col,gua,guainia,24960
col,guv,guaviare,24961
col,hui,huila,11644
col,lag,la guajira,24913
col,mag,magdalena,23861
col,met,meta,23765
col,nar,narino,11645
col,nsa,norte de santander,23959
col,put,putumayo,19764
col,qui,quindio,24627
col,ris,risaralda,11646
col,san,santander,11639
col,sap,san andres,24915
col,suc,sucre,23908
col,tol,tolima,14647
col,vac,valle del cauca,11647
col,vau,vaupes,24962
col,vid,vichada,24963
com,?,comoros,181
com,g,grande comore ngazidja,23829
cpv,?,cape verde,2664
cpv,no region,cape verde,23827
cri,?,costa rica,529
cri,no region,costa rica,803
cub,?,cuba,575
cub,no region,cuba,11654
cuw,?,curacao,25128
cuw,no region,curacao,25127
cxr,?,christmas island,182
cym,?,cayman islands,358
cym,no region,cayman islands,6459
cyp,01,lefkosia,24964
cyp,02,lemesos,12397
cyp,03,larnaca,15840
cyp,04,ammochostos magusa,23820
cyp,05,paphos,15841
cyp,06,keryneia,24317
cyp,?,cyprus,229
cze,?,czech republic,221
cze,jc,jihocesky kraj,25006
cze,jm,jihomoravsky kraj,25007
cze,ka,karlovarsky kraj,25008
cze,kr,kralovehradecky kraj,25009
cze,li,liberecky kraj,25010
cze,mo,moravskoslezsky kraj,25011
cze,ol,olomoucky kraj,25012
cze,pa,pardubicky kraj,25013
cze,pl,plzensky kraj,25014
cze,pr,praha,25015
cze,st,stredocesky kraj,25016
cze,us,ustecky kraj,25017
cze,vy,vysocina,25018
cze,zl,zlinsky kraj,25019
deu,?,germany,70
deu,aol,aol,20332
deu,be,berlin,10383
deu,br,brandenburg,10385
deu,bw,baden-wurttemberg,719
deu,by,bayern,10436
deu,hb,bremen,10477
deu,he,hessen,10478
deu,hh,hamburg,10502
deu,mv,mecklenburg-vorpommern,10503
deu,ni,niedersachsen,10508
deu,nw,nordrhein-westfalen,10528
deu,rp,rheinland-pfalz,10591
deu,sh,schleswig-holstein,10608
deu,sl,saarland,10618
deu,sn,sachsen,10621
deu,st,sachsen-anhalt,10631
deu,th,thuringen,10633
dji,?,djibouti,507
dji,no region,djibouti,23832
dma,?,dominica,574
dma,no region,dominica,6774
dnk,81,nordjylland,25020
dnk,82,midtjylland,25021
dnk,83,syddanmark,25022
dnk,84,hovedstaden,25023
dnk,85,sjaelland,25024
dnk,?,denmark,82
dom,?,dominican republic,569
dom,no region,dominican republic,11723
dza,?,algeria,505
dza,no region,algeria,6798
ecu,?,ecuador,528
ecu,a,azuay,11725
ecu,b,bolivar,24763
ecu,c,carchi,24941
ecu,e,esmeraldas,24765
ecu,f,canar,24936
ecu,g,guayas,11726
ecu,h,chimborazo,24934
ecu,i,imbabura,24943
ecu,l,loja,11727
ecu,m,manabi,11728
ecu,n,napo,24942
ecu,o,el oro,23841
ecu,p,pichincha,11730
ecu,r,los rios,24935
ecu,s,morona-santiago,24939
ecu,t,tungurahua,11724
ecu,u,sucumbios,24938
ecu,w,galapagos,24311
ecu,x,cotopaxi,24937
ecu,y,pastaza,24764
ecu,z,zamora-chinchipe,24940
egy,?,egypt,185
egy,no region,egypt,11731
eri,?,eritrea,21105
eri,as,asmara,23816
esh,?,western sahara,24612
esh,no region,western sahara,24613
esp,?,spain,205
esp,a,alicante,11416
esp,ab,albacete,24001
esp,al,almeria,11452
esp,av,avila,24002
esp,b,barcelona,11419
esp,ba,badajoz,24016
esp,bi,vizcaya,11421
esp,bu,burgos,24000
esp,c,la coruna,19859
esp,ca,cadiz,11415
esp,cc,caceres,24015
esp,ce,ceuta,23757
esp,co,cordoba,23994
esp,cr,ciudad real,24013
esp,cs,castellon,24014
esp,cu,cuenca,24012
esp,gc,las palmas,24010
esp,ge,gerona,23993
esp,gr,granada,23997
esp,gu,guadalajara,24011
esp,h,huelva,23999
esp,hu,huesca,23883
esp,j,jaen,23995
esp,l,lerida,24008
esp,le,leon,24009
esp,lo,la rioja,11443
esp,lu,lugo,24007
esp,m,madrid,11413
esp,ma,malaga,23996
esp,ml,melilla,19871
esp,mu,murcia,11425
esp,na,navarra,11451
esp,o,asturias,11432
esp,or,orense,24006
esp,p,palencia,24005
esp,pm,islas baleares,12418
esp,po,pontevedra,11467
esp,s,cantabria,11460
esp,sa,salamanca,11456
esp,se,sevilla,23998
esp,sg,segovia,14838
esp,so,soria,24004
esp,ss,guipuzcoa,11458
esp,t,tarragona,11463
esp,te,teruel,23904
esp,tf,santa cruz de tenerife,11457
esp,to,toledo,11464
esp,v,valencia,11426
esp,va,valladolid,11466
esp,vi,alava,11468
esp,z,zaragoza,11469
esp,za,zamora,24003
est,?,estonia,218
est,no region,estonia,6878
eth,?,ethiopia,601
eth,no region,ethiopia,11741
eur,?,europe (unknown country),4241
eur,aol,aol,9245
fin,?,finland,235
fin,es,etela-suomen laani,11309
fin,is,ita-suomen lasni,11313
fin,ll,lapin laani,11320
fin,ls,lansi-suomen laani,11319
fin,ol,oulun lasni,11318
fji,?,fiji,544
fji,no region,fiji,11742
flk,?,falkland islands (malvinas),2761
fra,?,france,72
fra,a,alsace,9846
fra,aol,aol,20331
fra,b,aquitaine,9848
fra,c,auvergne,9855
fra,d,bourgogne,9857
fra,e,bretagne,9862
fra,f,centre,9866
fra,g,champagne-ardenne,9870
fra,h,corse,9874
fra,i,franche-comte,9876
fra,j,ile-de-france,9878
fra,k,languedoc-roussillon,9945
fra,l,limousin,12436
fra,m,lorraine,9948
fra,n,midi-pyrenees,9951
fra,o,nord-pas-de-calais,9955
fra,p,basse-normandie,9961
fra,q,haute-normandie,9964
fra,r,pays de la loire,9967
fra,s,picardie,9970
fra,t,poitou-charentes,9974
fra,u,provence-alpes-cote-d'azur,9976
fra,v,rhone-alpes,9983
fro,?,faroe islands,239
fro,no region,faroe islands,15855
fsm,?,micronesia - federated states o,340
fsm,no region,micronesia - federated states o,11743
gab,?,gabon,591
gab,no region,gabon,11744
gbr,?,united kingdom,69
gbr,aol,aol,23759
gbr,eng,england,10198
gbr,nir,northern ireland,10358
gbr,sct,scotland,10361
gbr,wls,wales,10375
geo,?,georgia,241
geo,no region,georgia,11746
ggy,?,?,24305
ggy,no region,guernsey,24306
gha,?,ghana,364
gha,no region,ghana,11749
gib,?,gibraltar,347
gib,no region,gibraltar,7287
gin,?,guinea,781
gin,no region,guinea,11750
glp,?,guadeloupe,592
glp,no region,guadeloupe,12776
gmb,?,gambia,4031
gmb,no region,gambia,11751
gnb,?,guinea-bissau,2437
gnb,no region,guinea-bissau,23751
gnq,?,equatorial guinea,2364
gnq,no region,equatorial guinea,24318
grc,01,aitolia-akarnania,14844
grc,03,voiotia,24958
grc,04,evvoia,15856
grc,05,evrytania,24957
grc,06,fthiotis,14845
grc,07,fokis,15857
grc,11,argolis,19894
grc,12,arkadia,14846
grc,13,achaia,14847
grc,14,ileia,19897
grc,15,korinthia,14848
grc,16,lakonia,19899
grc,17,messinia,14851
grc,21,zakynthos,14854
grc,22,kerkyra,19900
grc,23,kefallinia,14855
grc,24,lefkas,15858
grc,31,arta,19901
grc,32,thesprotia,14856
grc,33,ioannina,14857
grc,34,preveza,23763
grc,41,karditsa,19902
grc,42,larisa,11754
grc,43,magnisia,11757
grc,44,trikala,14861
grc,51,grevena,23762
grc,52,drama,14862
grc,53,imathia,14864
grc,54,thessaloniki,11756
grc,55,kavalla,14867
grc,56,kastoria,14868
grc,57,kilkis,14869
grc,58,kozani,14870
grc,59,pella,14871
grc,61,pieria,25057
grc,62,serrai,19907
grc,63,florina,23764
grc,64,chalkidiki,19908
grc,69,agio oros,24956
grc,71,evros,19909
grc,72,xanthi,14872
grc,73,rodopi,14873
grc,81,dodekanisos,12521
grc,82,kyklades,14874
grc,83,lesvos,19913
grc,84,samos,14878
grc,85,chios,11752
grc,91,irakleion,11753
grc,92,lasithion,19915
grc,93,rethymnon,19916
grc,94,chania,14881
grc,?,greece,209
grc,a1,attiki,12522
grd,?,grenada,23768
grd,no region,grenada,7301
grl,?,greenland,523
grl,no region,greenland,7302
gtm,?,guatemala,496
gtm,no region,guatemala,7303
guf,?,french guiana,582
guf,no region,french guiana,12772
gum,?,guam,568
gum,no region,guam,7305
guy,?,guyana,590
guy,no region,guyana,11761
hkg,?,hong kong,389
hkg,no region,hong kong,7310
hmd,?,heard and mc donald islands,5020
hnd,?,honduras,381
hnd,no region,honduras,11762
hrv,01,zagrebacka,11769
hrv,02,krapinako-zagorska,24703
hrv,03,sisasko-moelavacka,24707
hrv,04,karlovacka,24702
hrv,05,varaidinska,24420
hrv,06,koprivoickco-krizevaka,23828
hrv,07,bjelovarsko-bilogorska,24701
hrv,08,primorsko-goranska,11767
hrv,09,licko-senjska,24704
hrv,10,virovitieko-podravska,24708
hrv,11,pozesko-slavonska,24706
hrv,12,brodsko-posavska,24965
hrv,13,zadaraka,14885
hrv,14,osjecko-baranjska,11766
hrv,15,sibenako-kninska,24700
hrv,16,vurovarako-srijemska,19935
hrv,17,splitako-dalmatinska,11768
hrv,18,istarska,24315
hrv,19,dubrovacko-neretvanska,14887
hrv,20,medjimuraka,24705
hrv,?,croatia (local name - hrvatska),248
hti,?,haiti,802
hti,no region,haiti,11770
hun,?,hungary,212
hun,ba,baranya,11784
hun,be,bekes,19938
hun,bk,bacs-kiskun,11771
hun,bu,budapest,11773
hun,bz,borsod-abauj-zemplen,11781
hun,cs,csongrad,11785
hun,fe,fejer,19947
hun,gs,gyor-moson-sopron,19948
hun,hb,hajdu-bihar,11774
hun,he,heves,11775
hun,jn,jasz-nagykun-szolnok,11788
hun,ke,komarom-esztergom,11776
hun,no,nograd,11772
hun,pe,pest,11777
hun,so,somogy,15865
hun,sz,szabolcs-szatmar-bereg,11783
hun,to,tolna,19961
hun,va,vas,11789
hun,ve,veszprem,11790
hun,za,zala,11791
idn,?,indonesia,539
idn,ac,aceh sm,23863
idn,ba,bali,11798
idn,be,bengkulu,23911
idn,ja,jambi,11801
idn,jb,jawa barat,11793
idn,ji,jawa timur,11802
idn,jk,jakarta raya,11800
idn,jt,jawa tengah,11808
idn,kb,kalimantan barat,23912
idn,ki,kalimantan timur,11792
idn,ks,kalimantan selatan,11794
idn,kt,kalimantan tengah,23913
idn,la,lampung,19970
idn,ma,maluku,23914
idn,nb,nusa tenggara barat,11804
idn,nt,nusa tenggara timur,23915
idn,ri,risu,19971
idn,sa,sulawesi utara,11795
idn,sb,sumatera barat,23962
idn,sg,sulawesi tenogara,23916
idn,sn,sulawesi selatan,11806
idn,ss,sumatera selatan,11807
idn,st,sulawesi tengah,23917
idn,su,sumatera utara,11805
idn,yo,yogyakarta jw,11815
imn,?,?,24303
imn,no region,isle of man,24308
ind,?,india,297
ind,an,andaman and nicobar islands,9992
ind,ap,andhra pradesh,9994
ind,ar,arunachal pradesh,23842
ind,as,assam,9997
ind,br,bihar,9998
ind,ch,chandigarh,24520
ind,dd,daman and diu,24799
ind,dl,delhi,9999
ind,dn,dadra and nagar haveli,24802
ind,ga,goa,23819
ind,gj,gujarat,10002
ind,hp,himachal pradesh,24787
ind,hr,haryana,10008
ind,jk,jammu and kashmir,18194
ind,ka,karnataka,10011
ind,kl,kerala,10018
ind,ld,lakshadweep,24801
ind,mh,maharashtra,1320
ind,ml,meghalaya,10026
ind,mn,manipur,24803
ind,mp,madhya pradesh,10027
ind,mz,mizoram,24800
ind,nl,nagaland,24792
ind,or,orissa,10030
ind,pb,punjab,10031
ind,py,pondicherry,10034
ind,rj,rajasthan,10035
ind,sk,sikkim,24804
ind,tn,tamil nadu,10036
ind,tr,tripura,10043
ind,up,uttar pradesh,10044
ind,wb,west bengal,1309
iot,?,british indian ocean territory,5075
iot,no region,british indian ocean territory,10378
irl,?,ireland,210
irl,c,cork,11824
irl,ce,clare,19974
irl,cn,cavan,11843
irl,cw,carlow,11820
irl,d,dublin,19982
irl,dl,donegal,11825
irl,g,galway,11821
irl,ke,kildare,11837
irl,kk,kilkenny,11832
irl,ky,kerry,11842
irl,ld,longford,24109
irl,lh,louth,11826
irl,lk,limerick,11834
irl,lm,leitrim,24110
irl,ls,laois,19996
irl,mh,meath,11831
irl,mn,monaghan,19997
irl,mo,mayo,11822
irl,oy,offaly,11819
irl,rn,roscommon,19999
irl,so,sligo,11841
irl,ta,tipperary,11823
irl,wd,waterford,11828
irl,wh,westmeath,11817
irl,ww,wicklow,11816
irl,wx,wexford,11829
irn,01,azarbaijan-e sharqi,11857
irn,02,azarbayjan-e-gharbi,23787
irn,03,ardabll,24908
irn,04,esfahan,11848
irn,05,ilam,23790
irn,06,buahahr,23804
irn,07,tehran,11854
irn,08,chahar mahall va bakhtlari,23788
irn,09,khorasan,11852
irn,10,khuzestan,11846
irn,11,zanjan,11853
irn,12,semnan,23791
irn,13,sistan va baluchestan,11860
irn,14,fars,11856
irn,15,kerman,11850
irn,16,kordeatan,23805
irn,17,kermanshahan,11851
irn,18,kohkiluyeh va buyer ahmadi,23910
irn,19,gilan,23792
irn,20,lorestan,23789
irn,21,mazandaran,11847
irn,22,markazi,23793
irn,23,hormozgan,14890
irn,24,hamadan,11849
irn,25,yazd,11859
irn,26,qom,24932
irn,?,iran (islamic republic of),522
irq,?,iraq,23767
irq,no region,iraq,11862
isl,?,iceland,228
isl,no region,iceland,11863
isr,?,israel,213
isr,d,hadarom,11864
isr,ha,hefa,3687
isr,jm,yerushalayim al quds,11874
isr,m,hamerkaz,11881
isr,ta,tel-aviv,11867
isr,z,hazafon,11872
ita,?,italy,214
ita,ag,agrigento,10809
ita,al,alessandria,10811
ita,an,ancona,10813
ita,ao,aosta,10814
ita,ap,ascoli piceno,10816
ita,aq,l'aquila,10819
ita,ar,arezzo,10815
ita,at,asti,10817
ita,av,avellino,10818
ita,ba,bari,10820
ita,bg,bergamo,10824
ita,bi,biella,10825
ita,bl,belluno,10822
ita,bn,benevento,10823
ita,bo,bologna,1316
ita,br,brindisi,10829
ita,bs,brescia,10828
ita,bt,barletta-andria-trani,25115
ita,bz,bolzano,10826
ita,ca,cagliari,10830
ita,cb,campobasso,10832
ita,ce,caserta,10833
ita,ch,chieti,10839
ita,ci,carbonia-iglesias,25107
ita,cl,caltanissetta,10831
ita,cn,cuneo,10810
ita,co,como,10842
ita,cr,cremona,10844
ita,cs,cosenza,10843
ita,ct,catania,10834
ita,cz,catanzaro,10835
ita,en,enna,10847
ita,fc,forli-cesena,25109
ita,fe,ferrara,10836
ita,fg,foggia,10850
ita,fi,firenze,10849
ita,fm,fermo,25108
ita,fo,forli,10838
ita,fr,frosinone,10812
ita,ge,genova,10853
ita,go,gorizia,10854
ita,gr,grosseto,10856
ita,im,imperia,10857
ita,is,isernia,10858
ita,kr,crotone,10845
ita,lc,lecco,10866
ita,le,lecce,10865
ita,li,livorno,10867
ita,lo,lodi,10868
ita,lt,latina,10864
ita,lu,lucca,10869
ita,mb,monza and brianza,25111
ita,mc,macerata,10871
ita,me,messina,10875
ita,mi,milano,3996
ita,mn,mantova,10872
ita,mo,modena,10877
ita,ms,massa,15019
ita,mt,matera,10874
ita,na,napoli,10881
ita,no,novara,10884
ita,nu,nuoro,10885
ita,og,ogliastra,25112
ita,or,oristano,10886
ita,ot,olbia-tempio,25113
ita,pa,palermo,10888
ita,pc,piacenza,10894
ita,pd,padova,10841
ita,pe,pescara,10893
ita,pg,perugia,10891
ita,pi,pisa,10896
ita,pn,pordenone,10898
ita,po,prato,10901
ita,pr,parma,10889
ita,ps,pesaro,10892
ita,pt,pistoia,10897
ita,pu,pesaro and urbino,25114
ita,pv,pavia,10890
ita,pz,potenza,10899
ita,ra,ravenna,10903
ita,rc,reggio calabria,10904
ita,re,reggio emilia,10905
ita,rg,ragusa,10902
ita,ri,rieti,10907
ita,rm,roma,10837
ita,rn,rimini,3962
ita,ro,rovigo,10911
ita,sa,salerno,10912
ita,si,siena,10919
ita,so,sondrio,10921
ita,sp,la spezia,10860
ita,sr,siracusa,10920
ita,ss,sassari,10915
ita,sv,savona,10917
ita,ta,taranto,10922
ita,te,teramo,10923
ita,tn,trento,10873
ita,to,torino,10840
ita,tp,trapani,10928
ita,tr,terni,10924
ita,ts,trieste,10932
ita,tv,treviso,10878
ita,ud,udine,10934
ita,va,varese,10935
ita,vb,verbano-cusio-ossola,10937
ita,vc,vercelli,10827
ita,ve,venezia,10936
ita,vi,vicenza,10821
ita,vr,verona,10939
ita,vs,medio campidano,25110
ita,vt,viterbo,10942
ita,vv,viba valentia,23783
jam,?,jamaica,662
jam,no region,jamaica,7674
jey,?,?,24304
jey,no region,jersey,24309
jor,?,jordan,231
jor,no region,jordan,11891
jpn,01,hokkaido,9414
jpn,02,aomori,9425
jpn,03,iwate,9429
jpn,04,miyagi,9431
jpn,05,akita,9433
jpn,06,yamagata,9434
jpn,07,fukushima,9437
jpn,08,ibaraki,9440
jpn,09,tochigi,9449
jpn,10,gunma,9454
jpn,11,saitama,9459
jpn,12,chiba,9476
jpn,13,tokyo,9492
jpn,14,kanagawa,9515
jpn,15,niigata,9528
jpn,16,toyama,9533
jpn,17,ishikawa,9536
jpn,18,fukui,9538
jpn,19,yamanashi,9540
jpn,20,nagano,9542
jpn,21,gifu,9546
jpn,22,shizuoka,9550
jpn,23,aichi,9562
jpn,24,mie,9572
jpn,25,shiga,9577
jpn,26,kyoto,9580
jpn,27,osaka,9584
jpn,28,hyogo,9598
jpn,29,nara,9605
jpn,30,wakayama,9609
jpn,31,tottori,9610
jpn,32,shimane,9612
jpn,33,okayama,9615
jpn,34,hiroshima,9620
jpn,35,yamaguchi,9625
jpn,36,tokushima,9630
jpn,37,kagawa,9631
jpn,38,ehime,9633
jpn,39,kochi,12578
jpn,40,fukuoka,9636
jpn,41,saga,12580
jpn,42,nagasaki,9641
jpn,43,kumamoto,9643
jpn,44,oita,9646
jpn,45,miyazaki,9648
jpn,46,kagoshima,9650
jpn,47,okinawa,9652
jpn,?,japan,75
jpn,aol,aol,9246
kaz,?,kazakhstan,223
kaz,no region,kazakhstan,11892
ken,?,kenya,363
ken,no region,kenya,11896
kgz,?,kyrgyzstan,236
kgz,no region,kyrgyzstan,11899
khm,?,cambodia,557
khm,no region,cambodia,23833
kir,?,kiribati,560
kna,?,saint kitts and nevis,593
kna,no region,saint kitts and nevis,7991
kor,11,seoul teugbyeolsi,25025
kor,26,busan gwangyeogsi,25026
kor,27,daegu gwangyeogsi,25027
kor,28,incheon gwangyeogsi,25028
kor,29,gwangju gwangyeogsi,25029
kor,30,daejeon gwangyeogsi,25030
kor,31,ulsan gwanqyeogsi,25031
kor,41,gyeonggldo,25032
kor,42,gang weondo,25033
kor,43,chungcheongbugdo,25034
kor,44,chungcheongnamdo,25035
kor,45,jeonrabugdo,25036
kor,46,jeonranamdo,25037
kor,47,gyeongsangbugdo,25038
kor,48,gyeongsangnamdo,25039
kor,49,jejudo,25040
kor,?,korea - south,385
kwt,?,kuwait,468
kwt,no region,kuwait,8033
lao,?,lao peoples democratic republi,481
lao,no region,lao peoples democratic republi,11902
lbn,?,lebanon,234
lbn,no region,lebanon,11903
lbr,?,liberia,23769
lbr,no region,liberia,11905
lby,?,libyan arab jamahiriya,990
lby,no region,libyan arab jamahiriya,12745
lca,?,saint lucia,23771
lca,no region,saint lucia,8041
lie,?,liechtenstein,489
lie,no region,liechtenstein,8042
lka,?,sri lanka,440
lka,no region,sri lanka,11906
lso,?,lesotho,637
lso,no region,lesotho,15123
ltu,?,lithuania,238
ltu,no region,lithuania,11908
lux,?,luxembourg,225
lux,no region,luxembourg,11909
lva,?,latvia,244
lva,no region,latvia,11910
mac,?,macau,1949
mac,no region,macau,8057
maf,?,saint martin,25124
maf,no region,saint martin,25123
mar,?,morocco,276
mar,no region,morocco,8058
mco,?,monaco,292
mco,no region,monaco,8069
mda,?,moldova - republic of,2324
mda,no region,moldova - republic of,11921
mdg,?,madagascar,281
mdg,no region,madagascar,11924
mdv,?,maldives,536
mdv,no region,maldives,23838
mex,?,mexico,180
mex,agu,aguascalientes,12590
mex,aol,aol,23761
mex,bcn,baja california,9703
mex,bcs,baja california sur,12681
mex,cam,campeche,9710
mex,chh,chihuahua,9712
mex,chp,chiapas,9717
mex,coa,coahuila,9719
mex,col,colima,12594
mex,df,distrito federal,737
mex,dur,durango,9724
mex,gro,guerrero,9726
mex,gua,guanajuato,9728
mex,hid,hidalgo,9735
mex,jal,jalisco,9738
mex,mex,mexico,8075
mex,mic,michoacan,9748
mex,mor,morelos,9750
mex,nay,nayarit,9751
mex,nle,nuevo leon,9752
mex,oax,oaxaca,9756
mex,pue,puebla,9759
mex,que,queretaro,9763
mex,roo,quintana roo,9764
mex,sin,sinaloa,9766
mex,slp,san luis potosi,9771
mex,son,sonora,9772
mex,tab,tabasco,9775
mex,tam,tamaulipas,9776
mex,tla,tlaxcala,9780
mex,ver,veracruz,9781
mex,yuc,yucatan,9785
mex,zac,zacatecas,9786
mhl,?,marshall islands,23748
mhl,maj,majuro,23884
mkd,?,macedonia - the frm yugoslav re,222
mkd,no region,macedonia - the frm yugoslav re,8193
mli,?,mali,595
mli,no region,mali,11925
mlt,?,malta,240
mlt,no region,malta,8196
mmr,?,myanmar,3535
mmr,no region,myanmar,23837
mne,?,?,24301
mne,no region,montenegro,24302
mng,?,mongolia,546
mng,no region,mongolia,11926
mnp,?,northern mariana islands,3382
mnp,no region,northern mariana islands,8200
moz,?,mozambique,571
moz,no region,mozambique,11927
mrt,?,mauritania,508
mrt,no region,mauritania,11929
msr,?,montserrat,5001
mtq,?,martinique,573
mtq,no region,martinique,12779
mus,?,mauritius,278
mus,no region,mauritius,11930
mwi,?,malawi,4220
mwi,no region,malawi,12613
mys,?,malaysia,538
mys,a,perak,11936
mys,b,selangor,11933
mys,c,pahang,11949
mys,d,kelantan,15152
mys,j,johor,11934
mys,k,kedah,11931
mys,l,wilayah labuan,15155
mys,m,melaka,11954
mys,n,negeri sembilan,11932
mys,p,pulau pinang,11957
mys,r,perlis,11940
mys,sa,sabah,11942
mys,sk,sarawak,11950
mys,t,terengganu,11935
mys,w,wilayah kuala lumpur,11937
myt,?,mayotte,23772
myt,no region,mayotte,23760
nam,?,namibia,370
nam,no region,namibia,8249
ncl,?,new caledonia,354
ncl,no region,new caledonia,8250
ner,?,niger,298
ner,no region,niger,11969
nfk,?,norfolk island,558
nga,?,nigeria,365
nga,no region,nigeria,11970
nic,?,nicaragua,379
nic,no region,nicaragua,11974
niu,?,niue,202
niu,no region,niue,15160
nld,?,netherlands,79
nld,aol,aol,23961
nld,dr,drenthe,10949
nld,fl,flevoland,10944
nld,fr,friesland,10981
nld,ge,gelderland,10947
nld,gr,groningen,10950
nld,li,limburg,10973
nld,nb,noord-brabant,10951
nld,nh,noord-holland,3966
nld,ov,overijssel,10959
nld,ut,utrecht,10945
nld,ze,zeeland,12619
nld,zh,zuid-holland,3906
nor,01,ostfold,11336
nor,02,akershus,11329
nor,03,oslo,11348
nor,04,hedmark,11337
nor,05,oppland,11340
nor,06,buskerud,18631
nor,07,vestfold,11351
nor,08,telemark,11349
nor,09,aust-agder,11328
nor,10,vest-agder,11339
nor,11,rogaland,11334
nor,12,hordaland,11330
nor,14,sogn og fjordane,11353
nor,15,more og romsdal,11327
nor,16,sor-trondelag,11357
nor,17,nord-trondelag,11346
nor,18,nordland,11332
nor,19,troms,11356
nor,20,finnmark,18824
nor,?,norway,83
npl,?,nepal,542
npl,no region,nepal,11976
nru,?,nauru,3537
nru,no region,nauru,23963
nzl,?,new zealand,369
nzl,auk,auckland,25041
nzl,bop,bay of plenty,25042
nzl,can,canterbury,25043
nzl,cit,chatham islands territory,25096
nzl,gis,gisborne,25044
nzl,hkb,hawkes bay,25045
nzl,mbh,marlborough,25046
nzl,mwt,manawatu-wanganui,25047
nzl,nsn,nelson,25048
nzl,ntl,northland,25049
nzl,ota,otago,25050
nzl,stl,southland,25051
nzl,tas,tasman,25052
nzl,tki,taranaki,25053
nzl,wgn,wellington,25054
nzl,wko,waikato,25055
nzl,wtc,west coast,25056
omn,?,oman,576
omn,no region,oman,12620
pak,?,pakistan,366
pak,no region,pakistan,11977
pan,?,panama,492
pan,no region,panama,11985
pcn,?,pitcairn,24614
pcn,no region,pitcairn,24615
per,?,peru,360
per,ama,amazonas,24920
per,anc,ancash,11993
per,apu,apurimac,24921
per,are,arequipa,11988
per,aya,ayacucho,11989
per,caj,cajamarca,11990
per,cal,el callao,11991
per,cus,cuzco,11995
per,huc,huanuco,12000
per,huv,huancavelica,11998
per,ica,ica,3129
per,jun,junin,11999
per,lal,la libertad,12016
per,lam,lambayeque,11992
per,lim,lima,11994
per,lor,loreto,12005
per,mdd,madre de dios,24922
per,moq,moquegua,12004
per,pas,pasco,20078
per,piu,piura,12012
per,pun,puno,12007
per,sam,san martin,12020
per,tac,tacna,12018
per,tum,tumbes,24919
per,uca,ucayali,12014
phl,?,philippines,386
phl,abr,abra,24854
phl,agn,agusan del norte,12026
phl,ags,agusan del sur,24843
phl,akl,aklan,23957
phl,alb,albay,12625
phl,ant,antique,24840
phl,aur,aurora,24855
phl,ban,bataan,24289
phl,bas,basilan,24846
phl,ben,benguet,12024
phl,boh,bohol,24826
phl,btg,batangas,12025
phl,btn,batanes,20080
phl,buk,bukidnon,24834
phl,bul,bulacan,12048
phl,cag,cagayan,15457
phl,cam,camiguin,24851
phl,can,camarines norte,24836
phl,cap,capiz,24824
phl,cas,camarines sur,20081
phl,cat,catanduanes,15458
phl,cav,cavite,12023
phl,ceb,cebu,12029
phl,dao,davao oriental,24830
phl,das,davao del sur,20084
phl,dav,davao,12032
phl,eas,eastern samar,24839
phl,ifu,ifugao,24966
phl,ili,iloilo,12035
phl,iln,ilocos norte,23840
phl,ils,ilocos sur,24829
phl,isa,isabela,24837
phl,kal,kalinga-apayso,24850
phl,lag,laguna,20086
phl,lan,lanao del norte,12034
phl,las,lanao del sur,24967
phl,ley,leyte,12047
phl,lun,la union,24828
phl,mad,marinduque,24848
phl,mag,maguindanao,12030
phl,man,manila,12039
phl,mas,masbate,24856
phl,mdc,mindoro occidental,20090
phl,mdr,mindoro oriental,24841
phl,mou,mountain province,24853
phl,msc,misamis occidental,24833
phl,msr,misamis oriental,12027
phl,nco,north cotabato,24832
phl,nec,negroe occidental,24823
phl,ner,negros oriental,12033
phl,nsa,northern samar,24844
phl,nue,nueva ecija,24821
phl,nuv,nueva vizcaya,20093
phl,pam,pampanga,12022
phl,pan,pangasinan,12031
phl,plw,palawan,23966
phl,que,quezon,12627
phl,qui,quirino,24849
phl,riz,rizal,12037
phl,rom,romblon,24842
phl,sco,south cotabato,24825
phl,sig,siquijor,24852
phl,sle,southern leyte,24845
phl,slu,sulu,24838
phl,sor,sorsogon,24847
phl,suk,sultan kudarat,24968
phl,sun,surigao del norte,24827
phl,sur,surigao del sur,24831
phl,tar,tarlac,24822
phl,wsa,western samar,24835
phl,zan,zamboanga del norte,24288
phl,zas,zamboanga del sur,24287
phl,zmb,zambales,12042
plw,?,palau,23770
plw,no region,palau,8490
png,?,papua new guinea,534
png,no region,papua new guinea,12049
pol,?,poland,208
pol,ds,dolnoslaskie,14360
pol,kp,kujawsko-pomorskie,14347
pol,lb,lubuskie,14351
pol,ld,lodzkie,14350
pol,lu,lubelskie,14349
pol,ma,malopolskie,14373
pol,mz,mazowieckie,14344
pol,op,opolskie,14375
pol,pd,podlaskie,14358
pol,pk,podkarpackie,14362
pol,pm,pomorskie,14353
pol,sk,swietokrzyskie,14359
pol,sl,slaskie,14345
pol,wn,warminsko-mazurskie,14354
pol,wp,wielkopolskie,14357
pol,zp,zachodniopomorskie,14348
pri,?,puerto rico,607
pri,no region,puerto rico,5321
prk,?,korea - north,723
prk,no region,korea - north,13131
prt,01,aveiro,12054
prt,02,beja,23808
prt,03,braga,15518
prt,04,braganca,15521
prt,05,castelo branco,15522
prt,06,colmbra,12056
prt,07,evora,15524
prt,08,faro,12057
prt,09,guarda,15527
prt,10,leiria,15528
prt,11,lisboa,12053
prt,12,portalegre,15538
prt,13,porto,12060
prt,14,santarem,15545
prt,15,setubal,12063
prt,16,viana do castelo,15554
prt,17,vila real,23965
prt,18,viseu,15555
prt,20,regiao autonoma dos acores,12631
prt,30,regiao autonoma da madeira,20106
prt,?,portugal,206
pry,?,paraguay,183
pry,no region,paraguay,12064
pse,?,palestinian territories,12689
pse,no region,palestinian territories,24320
pyf,?,french polynesia,525
pyf,no region,french polynesia,8583
qat,?,qatar,519
qat,no region,qatar,12065
reu,?,reunion,2510
reu,no region,reunion,12777
rou,?,romania,233
rou,ab,alba,23799
rou,ag,arges,12083
rou,ar,arad,12066
rou,b,bucaresti,12072
rou,bc,bacau,12067
rou,bh,bihor,12081
rou,bn,bistrita-nasaud,15558
rou,br,braila,12070
rou,bt,botosani,12069
rou,bv,brasov,12071
rou,bz,buzau,12074
rou,cj,cluj,12075
rou,cl,calarasi,15561
rou,cs,cara'-severin,23811
rou,ct,conatarta,12076
rou,cv,covasna,23800
rou,db,dambovita,23797
rou,dj,dolj,12077
rou,gj,gorj,23813
rou,gl,galati,12079
rou,gr,giurqiu,15563
rou,hd,hunedoara,23810
rou,hr,harghita,23814
rou,il,ialomita,23812
rou,is,iasi,12080
rou,mh,mehedinti,23798
rou,mm,maramures,12068
rou,ms,mures,15564
rou,nt,neamt,12082
rou,ot,olt,23824
rou,ph,prahova,12084
rou,sb,sibiu,12085
rou,sj,salaj,23875
rou,sm,satu mare,15565
rou,sv,suceava,12086
rou,tl,tulcea,15567
rou,tm,timis,12087
rou,tr,teleorman,23825
rou,vl,valcea,23809
rou,vn,vrancea,12078
rou,vs,vaslui,23815
rus,?,russian federation,204
rus,ad,adygeya respublika,23803
rus,al,altay respublika,24683
rus,alt,altayskiy kray,12095
rus,amu,amurskaya oblast',12632
rus,arr,arkhangelskaya oblast,12091
rus,ast,astrakhanskaya oblast',12092
rus,ba,bashkortostan respublika,12142
rus,bel,belgorod,12096
rus,bry,bryanskaya oblast',12099
rus,bu,buryatiya respublika,12190
rus,ce,chechenskaya respublika,23909
rus,che,chelyabinskaya oblast',12100
rus,chi,chitinskaya oblast',12103
rus,chu,chukotskiy avtonomnyy okrug,15570
rus,cu,chavashskaya respublika,23880
rus,da,dagestan respublika,12133
rus,in,ingushskaya,23802
rus,irr,irkutskaya oblast,12090
rus,iva,ivanovokaya oblast',12635
rus,kam,kamchatskaya oblast',12636
rus,kb,kabardino-balkarskaya respub,12141
rus,kc,karachayevo-cherkesskaya respu,12102
rus,kda,krasnodarskiy kray,12108
rus,kem,kemerovskaya oblast',12117
rus,kgd,kaliningradskaya oblast',12637
rus,kgn,kurganskaya oblast',12127
rus,kha,khabarovskiy kray,12118
rus,khm,khanty-mansiyskiy avtonomnyy,12143
rus,kir,kirovskaya oblast',15572
rus,kk,khakasiya respublika,12088
rus,kl,kalmykiya respublika,23794
rus,klu,kaluzhakaya oblast',12113
rus,ko,komi respublika,12181
rus,kos,kostromskaya oblast',12122
rus,kr,kareliya respublika,12158
rus,krs,kurakaya oblast',15573
rus,kya,krasnoyarskiy kray,12089
rus,len,leningradskaya oblast',15574
rus,lip,lipetskaya oblast',12130
rus,mag,magadanskaya oblast',12131
rus,me,mariy el respublika,23784
rus,mo,mordoviya respublika,12169
rus,mos,moskovskaya oblast',12094
rus,mow,moskva,12137
rus,mur,murmanskaya oblast',12139
rus,nen,nenetskiy avtonomoyy okrug,24788
rus,ngr,novgorodskaya oblast',12145
rus,niz,nizhegorodskaya oblast',12640
rus,nvs,novosibirskaya oblast',12149
rus,oms,omskaya oblast',12151
rus,ore,orenburgskaya oblast',12153
rus,orl,orlovskaya oblast,23807
rus,per,permskiy kray,12097
rus,pnz,penzenskaya oblast',12128
rus,pri,primorskiy kray,12193
rus,psk,pskovskaya oblast',12161
rus,ros,rostov,12146
rus,rya,ryazanskaya oblast',12165
rus,sa,sakha respublika,12200
rus,sak,sakhalinskaya oblast',12125
rus,sam,samarskaya oblast',12168
rus,sar,saratovskaya oblast',12093
rus,se,severnaya osetiya respublika,23801
rus,smo,smolenskaya oblast',12174
rus,spe,sankt-peterburg,12129
rus,sta,stavropolskiy kray,12162
rus,sve,sverdlovskaya oblast',12105
rus,ta,tatarstan respublika,12116
rus,tam,tambovskaya oblast',12136
rus,tom,tomskaya oblast',12185
rus,tul,tulskaya oblast,12186
rus,tve,tverskaya oblast',12187
rus,ty,tyva respublika,24672
rus,tyu,tyumenskaya oblast',12188
rus,ud,udmurtakaya respublika,12109
rus,uly,ulyanovskaya oblast,12104
rus,vgg,volgogradskaya oblast',12195
rus,vla,vladimirskaya oblast',12123
rus,vlg,vologodskaya oblast',12101
rus,vor,voronezhskaya oblast',12198
rus,yan,yamalo-nenetskiy avtonomnyy,12167
rus,yar,yaroslavskaya oblast',12163
rus,yev,yevreyskaya avtonomnaya oblas,23826
rwa,?,rwanda,596
rwa,no region,rwanda,12203
sau,01,ar riyad,12208
sau,02,makkah,12207
sau,03,al-madinah,23905
sau,04,ash sharqlyah,12205
sau,05,al qasim,24818
sau,06,ha'il,24820
sau,07,tabuk,24313
sau,08,al hudud ash shamallyah,24819
sau,09,jlzan,24817
sau,10,najran,24972
sau,11,al batah,24969
sau,12,al jawf,24970
sau,14,asir,24971
sau,?,saudi arabia,226
sdn,?,sudan,4221
sdn,no region,sudan,15872
sen,?,senegal,661
sen,no region,senegal,12209
sgp,?,singapore,283
sgp,no region,singapore,8749
sgs,?,south georgia / south sandwich,5000
shn,?,st. helena,510
shn,no region,no region,24757
sjm,?,unknown,24018
sjm,no region,svalbard and jan mayen islands,24017
slb,?,solomon islands,535
slb,no region,solomon islands,12210
sle,?,sierra leone,520
sle,no region,sierra leone,12211
slv,?,el salvador,497
slv,no region,el salvador,12212
smr,?,san marino,524
smr,no region,san marino,8767
som,?,somalia,20348
som,no region,somalia,23835
spm,?,st. pierre and miquelon,24616
spm,no region,st. pierre and miquelon,24617
srb,?,?,272
srb,no region,serbia,23919
ssd,?,south sudan,25122
ssd,no region,south sudan,25121
stp,?,sao tome and principe,526
stp,no region,sao tome and principe,23869
sur,?,suriname,797
sur,no region,suriname,8768
svk,?,slovakia (slovak republic),217
svk,no region,slovakia (slovak republic),8769
svn,?,slovenia,224
svn,no region,slovenia,8772
swe,?,sweden,71
swe,ab,stockholms lan,11358
swe,ac,vasterbottens lan,11396
swe,bd,norrbottena lan,11359
swe,c,uppsala lan,11408
swe,d,sodermanlands lan,11364
swe,e,ostergotlands lan,11380
swe,f,jonkopings lan,18912
swe,g,kronoberge lan,11411
swe,h,kalmar lan,11376
swe,i,gotland,12690
swe,k,blekinge lan,11386
swe,m,skane lan,11365
swe,n,hallands lan,18969
swe,o,vastra gotalands lan,11362
swe,s,varmlanda lan,11369
swe,t,orebro lan,11392
swe,u,vastmanlanda lan,11410
swe,w,dalarnas lan,19044
swe,x,gavleborge lan,11367
swe,y,vasternorrlands lan,11361
swe,z,jamtlande lan,19075
swz,?,swaziland,638
swz,no region,swaziland,12219
sxm,?,sint maarten,25120
sxm,no region,sint maarten,25119
syc,?,seychelles,598
syc,no region,seychelles,23821
syr,?,syrian arab republic,2361
syr,no region,syrian arab republic,12222
tca,?,turks and caicos islands,361
tca,no region,turks and caicos islands,8838
tcd,?,chad,509
tcd,no region,chad,23834
tgo,?,togo,374
tgo,no region,togo,12223
tha,10,krung thep maha nakhon bangkok,12224
tha,11,samut prakan,24590
tha,12,nonthaburi,12230
tha,13,pathum thani,20238
tha,14,phra nakhon si ayutthaya,23758
tha,15,ang thong,24900
tha,16,lop buri,24865
tha,17,sing buri,24902
tha,18,chai nat,24891
tha,19,saraburi,12232
tha,20,chon buri,12226
tha,21,rayong,24857
tha,22,chanthaburi,24904
tha,23,trat,24893
tha,24,chachoengsao,15586
tha,25,prachin buri,23882
tha,26,nakhon nayok,24897
tha,27,sa kaeo,24882
tha,30,nakhon ratchasima,12228
tha,31,buri ram,24867
tha,32,surin,24903
tha,33,si sa ket,24880
tha,34,ubon ratchathani,12234
tha,35,yasothon,12235
tha,36,chaiyaphum,24885
tha,37,amnat charoen,24894
tha,39,nong bua lam phu,24896
tha,40,khon kaen,12227
tha,41,udon thani,24864
tha,42,loei,24889
tha,43,nong khai,24887
tha,44,maha sarakham,24874
tha,45,roi et,24868
tha,46,kalasin,24862
tha,47,sakon nakhon,24876
tha,48,nakhon phanom,24906
tha,49,mukdahan,24890
tha,50,chiang mai,12225
tha,51,lamphun,24873
tha,52,lampang,15587
tha,53,uttaradit,24879
tha,54,phrae,15588
tha,55,nan,24892
tha,56,phayao,24875
tha,57,chiang rai,15589
tha,58,mae hong son,24901
tha,60,nakhon sawan,23881
tha,61,uthai thani,24933
tha,62,kamphasng phet,24884
tha,63,tak,24883
tha,64,sukhothai,24881
tha,65,phitsanulok,12231
tha,66,phichit,24872
tha,67,phetchabun,24878
tha,70,ratchaburi,24860
tha,71,kanchanaburi,24905
tha,72,suphan buri,24869
tha,73,nakhon pathom,24858
tha,74,samut sakhon,24859
tha,75,samut songkhram,24888
tha,76,phetchaburi,24877
tha,77,prachuap khiri khan,24866
tha,80,nakhon si thammarat,12229
tha,81,krabi,24870
tha,82,phangnga,24895
tha,83,phaket,15590
tha,84,surat thani,24861
tha,85,ranong,15591
tha,86,chumphon,24886
tha,90,songkhla,12233
tha,91,satun,24899
tha,92,trang,15592
tha,93,phatthalung,24898
tha,94,pattani,15593
tha,95,yala,15594
tha,96,narathiwat,24907
tha,?,thailand,484
tjk,?,tajikistan,581
tjk,no region,tajikistan,8856
tkl,?,tokelau,24618
tkl,no region,tokelau,24619
tkm,?,turkmenistan,2465
tkm,no region,turkmenistan,12236
tls,?,timor-leste,24620
tls,no region,timor-leste,24621
ton,?,tonga,201
ton,no region,tonga,23830
tto,?,trinidad and tobago,375
tto,no region,trinidad and tobago,12237
tun,?,tunisia,2128
tun,no region,tunisia,12238
tur,01,adana,11024
tur,02,adiyaman,24179
tur,03,afyon,11026
tur,04,agrri,19077
tur,05,amasya,24181
tur,06,ankara,11027
tur,07,antalya,11029
tur,08,artvin,24183
tur,09,aydin,11030
tur,10,balikesir,11031
tur,11,bilecik,24186
tur,12,bingol,24187
tur,13,bitlis,24188
tur,14,bolu,19079
tur,15,burdur,24189
tur,16,bursa,11032
tur,17,canakkale,19084
tur,18,cankiri,24190
tur,19,corum,24191
tur,20,denizli,24192
tur,21,diyarbakir,11033
tur,22,edirne,23964
tur,23,elazig,11034
tur,24,erzincan,23839
tur,25,erzurum,11035
tur,26,eskisehir,11036
tur,27,gaziantep,11037
tur,28,giresun,24193
tur,29,gumushane,24194
tur,30,hakkari,24195
tur,31,hatay,11028
tur,32,isparta,23796
tur,33,icel,19086
tur,34,istanbul,11040
tur,35,izmir,11041
tur,36,kars,19119
tur,37,kastamonu,19120
tur,38,kayseri,11042
tur,39,kirklareli,24199
tur,40,kirsehir,24198
tur,41,kocaeli,11038
tur,42,konya,11044
tur,43,kutahya,11045
tur,44,malatya,11046
tur,45,manisa,11047
tur,46,kahraman maras,12647
tur,47,mardin,23876
tur,48,mugla,19126
tur,49,mus,19128
tur,50,nevsehir,19129
tur,51,nigde,19130
tur,52,ordu,24200
tur,53,rize,24178
tur,54,sakarya,11025
tur,55,samsun,11049
tur,56,siirt,24201
tur,57,sinop,24202
tur,58,sivas,11050
tur,59,tekirdag,19131
tur,60,tokat,23795
tur,61,trabzon,11051
tur,62,tunceli,24204
tur,63,sanliurfa,19132
tur,64,usak,24205
tur,65,van,11052
tur,66,yozgat,23806
tur,67,zonguldak,11053
tur,68,aksaray,24180
tur,69,bayburt,24185
tur,70,karaman,23753
tur,71,kirikkale,11043
tur,72,batman,24184
tur,73,sirnak,24203
tur,74,bartin,24177
tur,75,ardahan,24182
tur,76,igdir,24206
tur,77,yalova,19134
tur,78,karabuk,24196
tur,79,kilis,24197
tur,?,turkey,211
tuv,?,tuvalu,3150
tuv,no region,tuvalu,15595
twn,?,taiwan - province of china,387
twn,cha,changhua,24444
twn,cyi,chiayi,15596
twn,hsz,hsinchu,12239
twn,hua,hualien,15597
twn,ila,ilan,15598
twn,kee,keelung,24462
twn,khh,kaohsiung,12240
twn,mia,miaoli,23874
twn,nan,nantou,24445
twn,pen,penghu,15599
twn,pif,pingtung,24447
twn,tao,tao-yuan,20241
twn,tnn,tainan,15600
twn,tpe,taipei,12241
twn,ttt,taitung,15603
twn,txg,taichung,15604
twn,yun,yunlin,24446
tza,?,tanzania - united republic of,383
tza,no region,tanzania,12243
uga,?,uganda,299
uga,no region,uganda,8901
ukr,05,vinnyts'ka oblast',12256
ukr,07,volyos'ka oblast',12648
ukr,09,luhans'ka oblast',12249
ukr,12,dnipropetrovs'ka oblast',12649
ukr,14,donets'ka oblast',12245
ukr,18,zhytomyrs'ka oblast',12258
ukr,21,zakarpats'ka oblast',12255
ukr,23,zaporiz'ka oblast',12257
ukr,26,ivano-frankivs'ka oblast',12244
ukr,30,kyiv,12650
ukr,32,kyivs'ka oblast',25086
ukr,35,kirovohrads'ka oblast',12247
ukr,40,sevastopol,24998
ukr,43,respublika krym,12651
ukr,46,l'vivs'ka oblast',12248
ukr,48,mykolaivs'ka oblast',24625
ukr,51,odes 'ka oblast',12253
ukr,53,poltavs'ka oblast',12254
ukr,56,rivnens'ka oblast',23907
ukr,59,sums 'ka oblast',12653
ukr,61,ternopil's'ka oblast',23862
ukr,63,kharkivs'ka oblast',15610
ukr,65,khersons'ka oblast',15611
ukr,68,khmel'nyts'ka oblast',12246
ukr,71,cherkas'ka oblast',12654
ukr,74,chernihivs'ka oblast',12655
ukr,77,chernivets'ka oblast',23754
ukr,?,ukraine,207
umi,?,us minor outlying islands,23749
ury,?,uruguay,487
ury,no region,uruguay,12259
usa,?,united states,52
usa,ak,alaska,2
usa,al,alabama,1
usa,aol,aol,8931
usa,ar,arkansas,4
usa,az,arizona,3
usa,ca,california,5
usa,co,colorado,6
usa,ct,connecticut,7
usa,dc,district of columbia,9
usa,de,delaware,8
usa,fl,florida,10
usa,ga,georgia,11
usa,hi,hawaii,12
usa,ia,iowa,16
usa,id,idaho,13
usa,il,illinois,14
usa,in,indiana,15
usa,ks,kansas,17
usa,ky,kentucky,18
usa,la,louisiana,19
usa,ma,massachusetts,22
usa,md,maryland,21
usa,me,maine,20
usa,mi,michigan,23
usa,mn,minnesota,24
usa,mo,missouri,26
usa,ms,mississippi,25
usa,mt,montana,27
usa,nc,north carolina,34
usa,nd,north dakota,35
usa,ne,nebraska,28
usa,nh,new hampshire,30
usa,nj,new jersey,31
usa,nm,new mexico,32
usa,nv,nevada,29
usa,ny,new york,33
usa,oh,ohio,36
usa,ok,oklahoma,37
usa,or,oregon,38
usa,pa,pennsylvania,39
usa,ri,rhode island,40
usa,sc,south carolina,41
usa,sd,south dakota,42
usa,tn,tennessee,43
usa,tx,texas,44
usa,ut,utah,45
usa,va,virginia,47
usa,vt,vermont,46
usa,wa,washington,48
usa,webtv,webtv,9203
usa,wi,wisconsin,50
usa,wv,west virginia,49
usa,wy,wyoming,51
uzb,?,uzbekistan,282
uzb,no region,uzbekistan,12260
vat,?,holy see (vatican city state),246
vat,no region,holy see (vatican city state),8935
vct,?,saint vincent and the grenadin,793
vct,no region,saint vincent and the grenadin,8937
ven,?,venezuela,377
ven,a,distrito federal,11473
ven,b,anzoategui,11477
ven,c,apure,11488
ven,d,aragua,11472
ven,e,barinas,11470
ven,f,bolivar,20242
ven,g,carabobo,11486
ven,h,cojedes,24815
ven,i,falcon,11475
ven,j,guarico,11481
ven,k,lara,11471
ven,l,merida,11485
ven,m,miranda,11474
ven,n,monagas,11484
ven,o,nueva esparta,11478
ven,p,portuguesa,20249
ven,r,sucre,11476
ven,s,tachira,11479
ven,t,trujillo,11491
ven,u,yaracuy,23864
ven,v,zulia,11482
ven,w,dependencias federales,24973
ven,x,vargas,24999
ven,y,delta amacuro,24814
ven,z,amazonas,24813
vgb,?,british virgin islands,792
vgb,no region,british virgin islands,8960
vir,?,us virgin islands,176
vir,no region,us virgin islands,8962
vnm,?,viet nam,564
vnm,no region,viet nam,12263
vut,?,vanuatu,548
vut,no region,vanuatu,23786
wlf,?,wallis and futuna islands,24595
wlf,no region,wallis and futuna islands,24596
wsm,?,samoa,537
wsm,no region,samoa,23831
yem,?,yemen,295
yem,no region,yemen,23836
zaf,?,south africa,384
zaf,ec,eastern cape,11503
zaf,fs,free state,11497
zaf,gt,gauteng,11493
zaf,mp,mpumalanga,11506
zaf,nc,northern cape,11515
zaf,nl,kwazulu-natal,11502
zaf,np,northern province,11519
zaf,nw,north-west,11516
zaf,wc,western cape,4103
zmb,?,zambia,518
zmb,no region,zambia,9062
zwe,?,zimbabwe,372
zwe,no region,zimbabwe,9064
